rpcode,Segment,CAD,Dimension,p,AcrossWidth,GKB,R,Rimdia,PATTERN,Mark,LOADINGs,SPEEDjb,EXTRA LOAD,OE,des
LTMIC00001,PC,530375_106,165/70R13,,165,70,R,13,ENERGY XM2,,79,T,,,165/70 R13 79T TL ENERGY XM2 MI
LTMIC00002,PC,048712_106,175/70R13,,175,70,R,13,ENERGY XM2,,82,T,,,175/70 R13 82T TL ENERGY XM2 MI
LTMIC00366,PC,448066_105,185/70R13,,185,70,R,13,ENERGY XM2,,82,T,,,185/70 R13 86T TL ENERGY XM2 MI
LTMIC00003,PC,049320_106,175/65R14,,175,65,R,14,ENERGY XM2,,82,H,,,175/65 R14 82H TL ENERGY XM2 GRNX MI
LTMIC00410,PC,501469_105,175/70R14,,175,70,R,14,ENERGY XM2,,84,T,,,175/70 R14 84T TL ENERGY XM2 GRNX MI
LTMIC00004,PC,930458_107,185/60R14,,185,60,R,14,ENERGY XM2,,82,H,,,185/60 R14 82H TL ENERGY XM2 GRNX MI
LTMIC00005,PC,706616_105,185/65R14,,185,65,R,14,ENERGY XM2,,86,H,,,185/65 R14 86H TL ENERGY XM2 GRNX MI
LTMIC00006,PC,326543_107,185/70R14,,185,70,R,14,ENERGY XM2,,88,H,,,185/70 R14 88H TL ENERGY XM2 GRNX MI
LTMIC00007,PC,409778_106,195/60R14,,195,60,R,14,ENERGY XM2,,86,H,,,195/60 R14 86H TL ENERGY XM2 GRNX MI
LTMIC00008,PC,101392_106,195/70R14,,195,70,R,14,ENERGY XM2,,91,H,,,195/70 R14 91H TL ENERGY XM2 GRNX MI
LTMIC00009,PC,394055_106,175/65R15,,175,65,R,15,ENERGY XM1,,84,T,,广本锋范,175/65 R15 84T TL ENERGY XM 1      MI
LTMIC00411,PC,861762_109,175/65R15,,175,65,R,15,ENERGY XM2,,84,H,,,175/65 R15 84H TL ENERGY XM2 GRNX MI
LTMIC00010,PC,577957_104,185/55R15,,185,55,R,15,ENERGY XM2,,86,H,EL,,185/55 R15 86H EXTRA LOAD TL ENERGY XM2 GRNX MI
LTMIC00367,PC,855340_103,185/55R15,,185,55,R,15,ENERGY XM2,,86,V,EL,,185/55 R15 86V EXTRA LOAD TL ENERGY XM2 GRNX MI
LTMIC00368,PC,665805_105,185/55R15,,185,55,R,15,PILOT SPORT 3,,82,V,,,185/55 R15 82V TL PILOT SPORT 3 ST MI
LTMIC00011,PC,758048_102,185/60R15,,185,60,R,15,ENERGY XM1,,84,H,,丰田威驰，广本锋范，理念,185/60 R15 84H TL ENERGY XM 1    MI
LTMIC00012,PC,086572_113,185/65R15,,185,65,R,15,ENERGY XM2,,88,H,,雷诺LOGAN,185/65 R15 88H TL ENERGY XM2 GRNX MI
LTMIC00013,PC,597060_104,195/50R15,,195,50,R,15,PILOT SPORT 3,,82,V,,,195/50 R15 82V TL PILOT SPORT 3 ST MI
LTMIC00014,PC,963746_103,195/55R15,,195,55,R,15,PILOT SPORT 3,,85,V,,,195/55 R15 85V TL PILOT SPORT 3 ST MI
LTMIC00015,PC,520111_105,195/55R15,,195,55,R,15,ENERGY XM2,,85,V,,,195/55 R15 85V TL ENERGY XM2 GRNX MI
LTMIC00016,PC,568521_102,195/60R15,,195,60,R,15,ENERGY XM2,,88,V,,,195/60 R15 88V TL ENERGY XM2 GRNX MI
LTMIC00017,PC,712323_104,195/65R15,,195,65,R,15,PRIMACY 3 ST,,91,V,,,195/65 R15 91V TL PRIMACY 3 ST GRNX MI
LTMIC00018,PC,649756_106,195/65R15,,195,65,R,15,ENERGY XM2,,91,V,,,195/65 R15 91V TL ENERGY XM2 GRNX MI
LTMIC00020,PC,810858_107,205/60R15,,205,60,R,15,ENERGY XM2,,91,V,,,205/60 R15 91V TL ENERGY XM2 GRNX MI
LTMIC00022,PC,155641_104,205/65R15,,205,65,R,15,PRIMACY 3 ST,,94,V,,,205/65 R15 94V TL PRIMACY 3 ST GRNX MI
LTMIC00023,PC,987887_105,205/65R15,,205,65,R,15,ENERGY XM2,,94,V,,,205/65 R15 94V TL ENERGY XM2 GRNX MI
LTMIC00369,PC,594375_104,205/65R15,,205,65,R,15,ENERGY XM2,,99,V,EL,,205/65 R15 99V EXTRA LOAD TL ENERGY XM2 GRNX MI
LTMIC00024,SUV,837328_105,205/70R15,,205,70,R,15,LATITUDE TOUR HP,,96,H,,,205/70R15 96H TL LATITUDE TOUR HP GREEN X MI
LTMIC00412,SUV,162430_101,205/70R15,,205,70,R,15,PRIMACY SUV,,96,H,,,205/70 R15 96H TL PRIMACY SUV MI
LTMIC00025,PC,673887_105,215/70R15,,215,70,R,15,ENERGY XM2,,98,H,,,215/70 R15 98H TL ENERGY XM2 GRNX MI
LTMIC00026,SUV,553332_104,215/70R15,,215,70,R,15,LATITUDE CROSS,,98,T,,,215/70 R15 98T TL LATITUDE CROSS MI
LTMIC00027,SUV,024066_109,215/75R15,,215,75,R,15,LATITUDE CROSS,,100,T,,,215/75 R15 100T TL LATITUDE CROSS MI
LTMIC00029,SUV,407328_107,225/75R15,,225,75,R,15,LATITUDE CROSS,,102,T,,,225/75 R15 102T TL LATITUDE CROSS MI
LTMIC00030,SUV,167061_105,235/75R15,,235,75,R,15,LTX A/T,,109,S,EL,,235/75R15 109S EXTRA LOAD TL LTX A-T   MI
LTMIC00478,SUV,771601_106,235/75R15,,235,75,R,15,LTX FORCE,,105,T,,,235/75R15 105T TL LTX FORCE  MI
LTMIC00370,SUV,458420_107,255/70R15,,255,70,R,15,LATITUDE CROSS,,108,H,,,255/70 R15 108H TL LATITUDE CROSS MI
LTMIC00479,SUV,936627_104,31X10.5R15,,31X10.5,,R,15,LTX FORCE,,109,S,,,31X10.5R15109S TLLTX FORCELRC MI
LTMIC00413,PC,064798_104,195/55R16,,195,55,R,16,ENERGY XM2,,87,V,,,195/55 R16 87V TL ENERGY XM2 GRNX MI
LTMIC00033,PC,900902_106,195/60R16,,195,60,R,16,ENERGY XM2,,89,H,,,195/60 R16 89H TL ENERGY XM2 GRNX MI
LTMIC00034,PC,624626_104,205/50ZR16,,205,50,ZR,16,PILOT SPORT 3,,87,W,,,205/50 ZR16 87W TL PILOT SPORT 3 ST MI
LTMIC00414,PC,871732_108,205/55R16,,205,55,R,16,PRIMACY 3,ZP,91,W,,,205/55 R16 91W TL PRIMACY 3 ZP GRNX MI
LTMIC00036,PC,430330_102,205/55ZR16,,205,55,ZR,16,PILOT SPORT 3,,91,W,,,205/55 ZR16 91W TL PILOT SPORT 3 ST MI
LTMIC00415,PC,830588_116,205/55R16,,205,55,R,16,PRIMACY HP,MO,91,V,,,205/55 R16 91V TL PRIMACY HP MO GRNX MI
LTMIC00038,PC,494071_104,205/55R16,,205,55,R,16,ENERGY MXV8,,91,V,,"昊锐，朗逸，宝来，帕萨特,比亚迪速锐",205/55 R 16 91V ENERGY MXV 8 TL MI
LTMIC00041,PC,036073_106,205/55R16,,205,55,R,16,PRIMACY 3 ST,,91,W,,,205/55 R16 91W TL PRIMACY 3 ST GRNX MI
LTMIC00042,PC,568976_101,205/55R16,,205,55,R,16,PRIMACY 3 ST,,91,V,,,205/55 R16 91V TL PRIMACY 3 ST GRNX MI
LTMIC00043,PC,175909_108,205/55R16,,205,55,R,16,ENERGY XM2,,91,V,,"Golf A6, 新迈腾",205/55 R16 91V TL ENERGY XM2 GRNX MI
LTMIC00044,PC,038473_101,205/60R16,,205,60,R,16,PRIMACY LC,DT,92,V,,新福克斯,205/60 R16 92V TL PRIMACY LC DT MI
LTMIC00045,PC,051014_104,205/60R16,,205,60,R,16,ENERGY XM2,,92,V,,,205/60 R16 92V TL ENERGY XM2 GRNX MI
LTMIC00046,PC,448018_102,205/65R16,,205,65,R,16,PRIMACY 3 ST,,95,V,,,205/65 R16 95V TL PRIMACY 3 ST GRNX MI
LTMIC00371,PC,865885_103,215/55R16,,215,55,R,16,PILOT SPORT 3,,93,W,,,215/55 ZR16 93W TL PILOT SPORT 3 ST MI
LTMIC00049,PC,345673_101,215/55R16,,215,55,R,16,PRIMACY LC,,93,W,,上汽荣威 750 / 550,215/55 R16 93W TL PRIMACY LC MI
LTMIC00050,PC,903371_104,215/55R16,,215,55,R,16,PRIMACY 3 ST,,97,W,EL,,215/55 R16 97W EXTRA LOAD TL PRIMACY 3 ST GRNX MI
LTMIC00453,PC,837840_102,215/55R16,,215,55,R,16,PRIMACY 3 ST,,93,V,,,215/55R16 93V TL PRIMACY3ST GRNX MI
LTMIC00051,PC,019993_105,215/55R16,,215,55,R,16,ENERGY XM2,,93,V,,北汽C60,215/55 R16 93V TL ENERGY XM2 GRNX MI
LTMIC00052,PC,813013_101,215/60R16,,215,60,R,16,PRIMACY LC,DT2,95,V,,新帕萨特,215/60 R16 95V TL PRIMACY LC DT2 MI
LTMIC00053,PC,221662_106,215/60R16,,215,60,R,16,PRIMACY 3 ST,,99,V,EL,华晨金杯J11,215/60 R16 99V EXTRA LOAD TL PRIMACY 3 ST GRNX MI
LTMIC00054,PC,264363_103,215/60R16,,215,60,R,16,PRIMACY 3 ST,,95,V,,新帕萨特,215/60 R16 95V TL PRIMACY 3 ST GRNX MI
LTMIC00055,PC,990997_105,215/60R16,,215,60,R,16,ENERGY XM2,,95,H,,,215/60 R16 95H TL ENERGY XM2 GRNX MI
LTMIC00057,PC,219193_101,215/65R16,,215,65,R,16,PRIMACY LC,,98,H,,VW 途观 低配版,215/65 R16 98H TL PRIMACY LC  MI
LTMIC00058,PC,887702_107,215/65R16,,215,65,R,16,ENERGY XM2,,98,H,,,215/65 R16 98H TL ENERGY XM2 GRNX MI
LTMIC00059,SUV,545096_107,215/65R16,,215,65,R,16,LATITUDE TOUR HP,DT,102,H,EL,,215/65 R16 102H EXTRA LOAD TL LATITUDE TOUR HP DT MI
LTMIC00440,SUV,183982_101,215/65R16,,215,65,R,16,PRIMACY SUV,,102,H,EL,,215/65 R16 102H EXTRA LOAD TL PRIMACY SUV MI
LTMIC00373,SUV,739896_108,215/65R16,,215,65,R,16,LATITUDE CROSS,,102,H,EL,,215/65 R16 102H EXTRA LOAD TL LATITUDE CROSS MI
LTMIC00480,SUV,214154_106,215/65R16,,215,65,R,16,LTX FORCE,,98,T,,,215/65R16 98T TL LTX FORCE  MI
LTMIC00061,SUV,974304_106,215/70R16,,215,70,R,16,LATITUDE CROSS,,104,H,EL,,215/70 R16 104H EXTRA LOAD TL LATITUDE CROSS MI
LTMIC00448,SUV,794074_101,215/70R16,,215,70,R,16,PRIMACY SUV,,100,H,,,215/70 R16 100H TL PRIMACY SUV MI
LTMIC00062,PC,276060_106,225/50ZR16,,225,50,ZR,16,PILOT SPORT 3,,92,W,,,225/50 ZR16 92W TL PILOT SPORT 3 ST MI
LTMIC00063,PC,632459_101,225/55R16,,225,55,R,16,PILOT PRECEDA,,95,Y,,奥迪A4 B8,225/55  R16 95Y TL PILOT PRECEDA   MI
LTMIC00064,PC,272280_103,225/55R16,,225,55,R,16,PRIMACY 3 ST,,99,W,EL,,225/55 R16 99W EXTRA LOAD TL PRIMACY 3 ST GRNX  MI
LTMIC00065,PC,139198_101,225/60R16,,225,60,R,16,PRIMACY LC,AO,98,Y,,奥迪A6 (C7),225/60 R16 98Y TL PRIMACY LC AO MI
LTMIC00066,PC,428138_103,225/60R16,,225,60,R,16,PRIMACY 3 ST,,98,W,,,225/60 R16 98W TL PRIMACY 3 ST GRNX MI
LTMIC00067,PC,276899_104,225/60R16,,225,60,R,16,ENERGY XM2,,98,V,,,225/60 R16 98V TL ENERGY XM2 GRNX MI
LTMIC00461,SUV,660346_101,225/70R16,,225,70,R,16,PRIMACY SUV,,103,H,,,225/70 R16 103H TL PRIMACY SUV MI
LTMIC00374,SUV,225515_106,225/70R16,,225,70,R,16,LATITUDE CROSS,,103,H,,,225/70 R16 103H TL LATITUDE CROSS MI
LTMIC00468,SUV,261092_101,225/75R16,,225,75,R,16,PRIMACY SUV,,104,H,,北汽 荣威 双龙,225/75 R16 104H TL PRIMACY SUV MI
LTMIC00481,SUV,535122_105,225/75R16,,225,75,R,16,LTX FORCE,,115/112,S,,,LT225/75R16115/112S TLLTXFORCELRE MI
LTMIC00069,PC,776093_106,235/60R16,,235,60,R,16,PRIMACY 3 ST,,100,V,,,235/60 R16 100V TL PRIMACY 3 ST GRNX MI
LTMIC00070,SUV,543501_106,235/60R16,,235,60,R,16,LATITUDE TOUR HP,,100,H,,,235/60R16 100H TL LATITUDE TOUR HP GREEN X MI
LTMIC00071,SUV,118710_107,235/70R16,,235,70,R,16,LATITUDE CROSS,,106,H,,,235/70 R16 106H TL LATITUDE CROSS MI
LTMIC00416,SUV,395272_102,235/70R16,,235,70,R,16,PRIMACY SUV,,106,H,,,235/70 R16 106H TL PRIMACY SUV MI
LTMIC00469,SUV,996798_105,235/70R16,,235,70,R,16,LTX FORCE,,106,T,,,235/70 R16 106T TL LTX FORCE  MI
LTMIC00072,SUV,253996_108,245/70R16,,245,70,R,16,LATITUDE CROSS,,111,T,EL,,245/70 R16 111T EXTRA LOAD TL LATITUDE CROSS MI
LTMIC00417,SUV,986755_101,245/70R16,,245,70,R,16,PRIMACY SUV,,111,H,EL,,245/70 R16 111H EXTRA LOAD TL PRIMACY SUV MI
LTMIC00482,SUV,447950_108,245/70R16,,245,70,R,16,LTX FORCE,,111,T,,,245/70R16 111T XL TL LTX FORCE  MI
LTMIC00483,SUV,485688_105,245/75R16,,245,75,R,16,LTX FORCE,,120/116,R,,,LT245/75R16120/116R TLLTXFORCELRE MI
LTMIC00375,SUV,380613_109,255/65R16,,255,65,R,16,LATITUDE CROSS,,113,H,EL,,255/65 R16 113H EXTRA LOAD TL LATITUDE CROSS MI
LTMIC00073,SUV,362431_109,265/70R16,,265,70,R,16,LATITUDE CROSS,,112,H,,,265/70 R16 112H TL LATITUDE CROSS MI
LTMIC00075,SUV,799896_101,265/70R16,,265,70,R,16,LATITUDE TOUR HP,DT,112,H,,,265/70R16 112H TL LATITUDE TOUR HP DT GRNX MI
LTMIC00449,SUV,938431_102,265/70R16,,265,70,R,16,PRIMACY SUV,,112,H,,,265/70 R16 112H TL PRIMACY SUV MI
LTMIC00470,SUV,282286_105,265/70R16,,265,70,R,16,LTX FORCE,,112,T,,,265/70 R16 112T TL LTX FORCE MI
LTMIC00484,SUV,377787_102,265/75R16,,265,75,R,16,LTX FORCE,,123/120,S,,,LT265/75R16123/120S TLLTX FORCELRE M
LTMIC00076,SUV,845892_106,275/70R16,,275,70,R,16,LATITUDE TOUR HP,,114,H,,,275/70R16 114H TL LATITUDE TOUR HP GREEN X MI
LTMIC00462,PC,747221_105,205/45R17,,205,45,R,17,PRIMACY 3,ZP,84,V,,,205/45 R17 84V TL PRIMACY 3 ZP GRNX MI
LTMIC00078,PC,760064_101,205/50ZR17,,205,50,ZR,17,PILOT SPORT 3,,89,W,,,205/50 ZR17 89W TL PILOT SPORT 3 ST MI
LTMIC00079,PC,197038_102,205/50R17,,205,50,R,17,PILOT SPORT 3,,89,V,,"OE：Honda Civic FMC, ACURA ILX",205/50 R17 89V TL PILOT SPORT 3 ST MI
LTMIC00080,PC,464701_102,205/50R17,,205,50,R,17,PRIMACY 3 ST,,93,W,EL,比亚迪 秦,205/50 R17 93W EXTRA LOAD TL PRIMACY 3 ST GRNX MI
LTMIC00081,PC,752755_108,205/55ZR17,,205,55,ZR,17,PILOT SPORT PS2,N1,91,Y,,,205/55 ZR17 91Y TL PILOT SPORT PS2 N1 MI
LTMIC00418,PC,842983_109,205/55R17,,205,55,R,17,PRIMACY 3,ZP*,91,W,,BMW-1系 GT,205/55 R17 91W TL PRIMACY 3 ZP * GRNX MI
LTMIC00437,PC,226900_101,215/45ZR17,,215,45,ZR,17,PILOT SPORT 3,DT,91,W,EL,,215/45 ZR17 91W EXTRA LOAD TL PILOT SPORT 3 ST DT  MI
LTMIC00082,PC,478391_105,215/45ZR17,,215,45,ZR,17,PILOT SPORT 3,,91,W,EL,,215/45 ZR17 91W EXTRA LOAD TL PILOT SPORT 3 ST MI
LTMIC00083,PC,223960_103,215/50ZR17,,215,50,ZR,17,PILOT SPORT 3,,91,W,,,215/50 ZR17 91W TL PILOT SPORT 3 ST MI
LTMIC00084,PC,709237_101,215/50R17,,215,50,R,17,PRIMACY LC,DT,91,W,,新福克斯,215/50 R17 91W TL PRIMACY LC DT MI
LTMIC00085,PC,000561_102,215/50R17,,215,50,R,17,PRIMACY LC,,91,W,,标致408；雪铁龙C4； BYD F6,215/50 R17 91W TL PRIMACY LC MI
LTMIC00087,PC,205314_102,215/50R17,,215,50,R,17,PRIMACY 3 ST,,95,W,EL,,215/50 R17 95W EXTRA LOAD TL PRIMACY 3 ST GRNX MI
LTMIC00088,PC,594226_114,215/50R17,,215,50,R,17,PRIMACY 3,,95,W,EL,Volvo S60,215/50 R17 95W EXTRA LOAD TL PRIMACY 3 GRNX MI
LTMIC00089,PC,621074_103,215/55ZR17,,215,55,ZR,17,PILOT SPORT 3,,94,W,,,215/55 ZR17 94W TL PILOT SPORT 3 ST MI
LTMIC00090,PC,273059_101,215/55R17,,215,55,R,17,PRIMACY LC,DT,94,V,,索纳塔八，新帕萨特，现代新御翔，吉利英伦出租车(少量),215/55 R17 94V TL PRIMACY LC DT MI
LTMIC00091,PC,130535_106,215/55R17,,215,55,R,17,PRIMACY LC,DT2,94,V,,尼桑ALTIMA,215/55 R17 94V TL PRIMACY LC DT2 MI
LTMIC00094,PC,552678_103,215/55R17,,215,55,R,17,PRIMACY 3 ST,,94,V,,,215/55 R17 94V TL PRIMACY 3 ST GRNX MI
LTMIC00095,PC,735720_101,215/55R17,,215,55,R,17,PRIMACY 3 ST,DT,94,V,,,215/55 R17 94V TL PRIMACY 3 ST DT GRNX MI
LTMIC00376,PC,197295_102,215/55R17,,215,55,R,17,PRIMACY 3 ST,DT3,94,V,,,215/55 R17 94V TL PRIMACY 3 ST DT3 GRNX MI
LTMIC00463,PC,825202_102,215/55R17,,215,55,R,17,PRIMACY 3 ST,DT5,94,V,,,215/55 R17 94V TL PRIMACY 3 ST DT5 GRNX MI
LTMIC00096,PC,758475_101,215/60R17,,215,60,R,17,PRIMACY 3 ST,,96,V,,,215/60 R17 96V TL PRIMACY 3 ST GRNX MI
LTMIC00099,PC,919677_103,P225/45R17,P,225,45,R,17,PRIMACY MXM4 CPJ,ZP,90,V,,,P225/45R17 90V TL PRIMACY MXM4 ZP CPJ MI
LTMIC00377,PC,550408_109,225/45R17,,225,45,R,17,PRIMACY 3,ZP,91,W,,,225/45 R17 91W TL PRIMACY 3 ZP GRNX MI
LTMIC00101,PC,567848_101,225/45R17,,225,45,R,17,PILOT PRECEDA PP2,,91,V,,新宝来,225/45 R17 91V TL PILOT PRECEDA PP2 MI
LTMIC00102,PC,088461_104,225/45ZR17,,225,45,ZR,17,PILOT SPORT 3,,91,W,,,225/45 ZR17 91W TL PILOT SPORT 3 ST MI
LTMIC00103,PC,592471_116,225/45R17,,225,45,R,17,PRIMACY HP,MO,91,W,,"进口奔驰C系, CLK, SLK ,",225/45 R17 91W TL PRIMACY HP MO GRNX MI
LTMIC00104,PC,308637_103,225/45R17,,225,45,R,17,PRIMACY 3 ST,,94,W,EL,,225/45 R17 94W EXTRA LOAD TL PRIMACY 3 ST GRNX MI
LTMIC00105,PC,780609_101,225/50R17,,225,50,R,17,PILOT PRECEDA,,94,Y,,国产奥迪A4 B8 ,225/50 R17 94Y TL PILOT PRECEDA MI
LTMIC00110,PC,983415_102,225/50ZR17,,225,50,ZR,17,PILOT SPORT 3,,98,Y,EL,,225/50 ZR17 98Y EXTRA LOAD TL PILOT SPORT 3 ST MI
LTMIC00112,PC,556123_102,225/50R17,,225,50,R,17,PRIMACY LC,DT,94,V,,,225/50 R17 94V TL PRIMACY LC DT MI
LTMIC00113,PC,922279_108,225/50R17,,225,50,R,17,PRIMACY 3,*,94,W,,BMW 1 & 3 series,225/50 R17 94W TL PRIMACY 3 * GRNX MI
LTMIC00114,PC,507093_102,225/50R17,,225,50,R,17,PRIMACY 3 ST,,98,W,EL,,225/50 R17 98W EXTRA LOAD TL PRIMACY 3 ST GRNX MI
LTMIC00115,PC,710007_109,225/50R17,,225,50,R,17,PRIMACY 3 ST,,94,V,,,225/50 R17 94V TL PRIMACY 3 ST GRNX MI
LTMIC00116,PC,069598_104,225/50R17,,225,50,R,17,PRIMACY 3 ST,DT,94,V,,,225/50 R17 94V TL PRIMACY 3 ST DT GRNX MI
LTMIC00117,PC,721907_112,225/50R17,,225,50,R,17,PRIMACY 3,ZPMO,94,W,,,225/50 R17 94W TL PRIMACY 3 ZP MOE GRNX MI
LTMIC00118,PC,893691_101,225/55R17,,225,55,R,17,PRIMACY LC,AO,97,Y,,国产奥迪A6 (C7),225/55 R17 97Y TL PRIMACY LC AO MI
LTMIC00119,PC,098881_103,225/55R17,,225,55,R,17,PRIMACY LC,,97,W,,"红旗C131,H7",225/55 R17 97W TL PRIMACY LC     MI
LTMIC00120,PC,955962_102,225/55R17,,225,55,R,17,PRIMACY 3 ST,,101,W,EL,江淮C2,225/55 R17 101W EXTRA LOAD TL PRIMACY 3 ST GRNX MI
LTMIC00379,PC,731495_101,225/55R17,,225,55,R,17,PRIMACY 3 ST,ZP,97,Y,,,225/55 R17 97Y TL PRIMACY 3 ST ZP GRNX MI
LTMIC00454,PC,399430_102,225/55R17,,225,55,R,17,PRIMACY 3 ST,ZP*,97,W,,BMW X1,225/55 R17 97W TL PRIMACY 3 ST ZP * GRNX MI
LTMIC00121,SUV,142829_109,225/55R17,,225,55,R,17,LATITUDE TOUR HP,,101,H,XL,,225/55R17 101H TL LATITUDE TOUR HP XL GRN X MI
LTMIC00122,PC,908981_102,225/60R17,,225,60,R,17,PRIMACY 3 ST,,103,V,EL,,225/60 R17 103V EXTRA LOAD TL PRIMACY 3 ST GRNX MI
LTMIC00123,SUV,794938_111,225/65R17,,225,65,R,17,LATITUDE TOUR,,102,T,,"东本 CR-V, 比亚迪S6",225/65R17 102T TL LATITUDE TOUR MI
LTMIC00124,SUV,536605_114,225/65R17,,225,65,R,17,LATITUDE TOUR HP,,102,H,,丰田RAV4,225/65R17 102H TL LATITUDE TOUR HP GRNX MI
LTMIC00419,SUV,834879_101,225/65R17,,225,65,R,17,PRIMACY SUV,,102,H,,,225/65 R17 102H TL PRIMACY SUV MI
LTMIC00485,SUV,567666_104,225/65R17,,225,65,R,17,LTX FORCE,,102,H,,,225/65R17 102H TL LTX FORCE  MI
LTMIC00125,PC,540062_110,235/45R17,,235,45,R,17,PRIMACY HP,MO,94,W,,进口奔驰E系; E-coupe 跑车,235/45 R17 94W TL PRIMACY HP MO GRNX MI
LTMIC00126,PC,475244_101,235/45R17,,235,45,R,17,PILOT SPORT 3,,94,Y,,"国产 Passat CC, 北汽C60",235/45 R17 94Y TL PILOT SPORT 3 ST MI
LTMIC00127,PC,720395_104,235/45ZR17,,235,45,ZR,17,PILOT SPORT 3,,97,W,EL,Volvo S60,235/45 ZR17 97W EXTRA LOAD TL PILOT SPORT 3 ST MI
LTMIC00128,PC,699364_101,235/45R17,,235,45,R,17,PRIMACY 3 ST,,97,W,EL,,235/45 R17 97W EXTRA LOAD TL PRIMACY 3 ST GRNX MI
LTMIC00129,PC,215487_105,235/50R17,,235,50,R,17,PRIMACY 3 ST,,96,V,,新蒙迪欧,235/50 R17 96V TL PRIMACY 3 ST GRNX MI
LTMIC00130,PC,916195_110,235/50ZR17,,235,50,ZR,17,PILOT SPORT PS2,N1,96,Y,,,235/50 ZR17 96Y TL PILOT SPORT PS2 N1 MI
LTMIC00131,PC,785683_117,235/55R17,,235,55,R,17,PRIMACY HP,MO,99,W,,进口奔驰S系,235/55 R17 99W TL PRIMACY HP MO GRNX MI
LTMIC00133,PC,379787_101,235/55R17,,235,55,R,17,PRIMACY LC,,99,H,,大众途观 （国产）,235/55 R17 99H TL PRIMACY LC  MI
LTMIC00134,PC,516070_101,235/55R17,,235,55,R,17,PILOT SPORT 3,AO,99,V,,,235/55 R17 99V TL PILOT SPORT 3 ST AO MI
LTMIC00135,PC,142407_102,235/55R17,,235,55,R,17,PRIMACY 3 ST,,103,W,EL,,235/55 R17 103W EXTRA LOAD TL PRIMACY 3 ST GRNX MI
LTMIC00136,SUV,885286_107,235/60R17,,235,60,R,17,LATITUDE TOUR HP,,102,V,,,235/60R17 102V TL LATITUDE TOUR HP GRNX MI
LTMIC00420,SUV,753726_101,235/60R17,,235,60,R,17,PRIMACY SUV,,102,V,,,235/60 R17 102V TL PRIMACY SUV MI
LTMIC00137,PC,851805_101,235/65R17,,235,65,R,17,PILOT PRECEDA PP2,AO,104,W,,国产Audi Q5，比亚迪E6,235/65 R17 104W TL PILOT PRECEDA PP2 AO MI
LTMIC00138,SUV,376213_119,235/65R17,,235,65,R,17,LATITUDE TOUR HP,,104,V,,,235/65R17 104V TL LATITUDE TOUR HP GREEN X MI
LTMIC00421,SUV,607516_102,235/65R17,,235,65,R,17,PRIMACY SUV,,108,V,EL,,235/65 R17 108V EXTRA LOAD TL PRIMACY SUV MI
LTMIC00139,SUV,285470_116,235/65R17,,235,65,R,17,4*4 DIAMARIS,N0,108,V,EL,,235/65 R 17 108V 4X4 DIAMARIS EXTRA LOAD TL N0 MI
LTMIC00486,SUV,597811_106,235/65R17,,235,65,R,17,LTX FORCE,,104,H,,,235/65 R17 104H TL LTX FORCE  MI
LTMIC00140,PC,377655_110,245/40ZR17,,245,40,ZR,17,PILOT SPORT 3,,91,Y,,,245/40 ZR17 91Y TL PILOT SPORT 3 GRNX MI
LTMIC00464,PC,729247_104,245/40ZR17,,245,40,ZR,17,PILOT SPORT 3,,95,W,EL,,245/40 ZR17 95W EXTRA LOAD TL PILOT SPORT 3 ST MI
LTMIC00141,PC,459199_116,245/40R17,,245,40,R,17,PRIMACY HP,MO,91,W,,进口奔驰C级(前后轮)/CLK级(后轮)/SLK(后轮),245/40 R17 91W TL PRIMACY HP MO GRNX MI
LTMIC00144,PC,052147_104,245/45R17,,245,45,R,17,PRIMACY 3 ST,,99,W,EL,,245/45 R17 99W EXTRA LOAD TL PRIMACY 3 ST GRNX MI
LTMIC00422,PC,322616_114,245/45R17,,245,45,R,17,PRIMACY HP,MO,95,W,,,245/45 R17 95W TL PRIMACY HP MO GRNX MI
LTMIC00145,PC,173298_104,245/50R17,,245,50,R,17,PILOT HX MXM4,,99,V,,Acura 3.5TL,245/50R17 99V TL PILOT HX MXM4  MI
LTMIC00146,SUV,756420_107,245/65R17,,245,65,R,17,LATITUDE TOUR HP,,107,H,,,245/65R17 107H TL LATITUDE TOUR HP GRNX MI
LTMIC00442,SUV,128931_101,245/65R17,,245,65,R,17,PRIMACY SUV,,107,H,,,245/65 R17 107H TL PRIMACY SUV MI
LTMIC00487,SUV,780164_107,245/65R17,,245,65,R,17,LTX FORCE,,111,T,,,245/65R17 111T XLTL LTX FORCE  MI
LTMIC00147,PC,455914_109,255/40R17,,255,40,R,17,PRIMACY HP,MO,94,W,,,255/40 R17 94W TL PRIMACY HP MO GRNX MI
LTMIC00148,PC,170481_101,255/45R17,,255,45,R,17,PILOT PRECEDA PP2,MO,98,W,,国产奔驰E系,255/45 R17 98W TL PILOT PRECEDA PP2 MO MI
LTMIC00380,PC,638113_101,255/45R17,,255,45,R,17,PILOT PRECEDA PP2,,98,W,,,255/45 R17 98W TL PILOT PRECEDA PP2 MI
LTMIC00149,SUV,278151_105,255/60R17,,255,60,R,17,LATITUDE TOUR HP,,106,V,,,255/60 R17 106V TL LATITUDE TOUR HP GRNX MI
LTMIC00150,SUV,420038_109,255/60R17,,255,60,R,17,LATITUDE SPORT 3,,106,V,,,255/60 R17 106V TL LATITUDE SPORT 3 GRNX MI
LTMIC00152,SUV,745896_104,265/65R17,,265,65,R,17,LATITUDE TOUR,,112,T,,长丰猎豹; ,265/65 R17 112T TL LATITUDE TOUR     MI
LTMIC00423,SUV,328903_102,265/65R17,,265,65,R,17,PRIMACY SUV,,112,H,,,265/65 R17 112H TL PRIMACY SUV MI
LTMIC00153,SUV,905116_110,265/65R17,,265,65,R,17,LATITUDE CROSS,,112,H,,,265/65 R17 112H TL LATITUDE CROSS MI
LTMIC00488,SUV,551572_103,265/65R17,,265,65,R,17,LTX FORCE,,112,T,,,265/65R17 112T TL LTX FORCE  MI
LTMIC00489,SUV,832916_105,265/65R17,,265,65,R,17,LTX FORCE,,112,H,,,265/65R17 112H TL LTX FORCE  MI
LTMIC00154,SUV,864953_111,275/55R17,,275,55,R,17,LATITUDE TOUR HP,,109,V,,,275/55R17 109V TL LATITUDE TOUR HP  MI
LTMIC00155,SUV,348624_107,275/55R17,,275,55,R,17,LATITUDE SPORT 3,,109,V,,,275/55 R17 109V TL LATITUDE SPORT 3 GRNX MI
LTMIC00450,PC,663631_105,215/45R18,,215,45,R,18,PRIMACY 3 ST,,93,W,,,215/45 R18 93W EXTRA LOAD TL PRIMACY 3 ST GRNX MI
LTMIC00381,PC,894996_101,215/55R18,,215,55,R,18,PRIMACY 3 ST,,99,V,EL,,215/55 R18 99V EXTRA LOAD TL PRIMACY 3 ST GRNX MI
LTMIC00158,PC,844628_118,225/40ZR18,,225,40,ZR,18,PILOT SPORT PS2,ZP*,88,Y,,BMW Series 3 E90 (前轮),225/40 ZR 18 88Y TL * ZP PILOT SPORT PS2 MI
LTMIC00159,PC,412527_113,225/40ZR18,,225,40,ZR,18,PILOT SPORT PS2,N3,88,(Y),,,225/40 ZR18 (88Y) TL PILOT SPORT PS2 N3 MI
LTMIC00160,PC,775136_101,225/40ZR18,,225,40,ZR,18,PILOT SPORT 3,,92,W,EL,,225/40 ZR18 92W EXTRA LOAD TL PILOT SPORT 3 ST MI
LTMIC00382,PC,431978_104,225/40ZR18,,225,40,ZR,18,PILOT SPORT 3,S1,92,W,EL,,225/40 ZR18 92W EXTRA LOAD TL PILOT SPORT 3 S1 GRNX MI
LTMIC00161,PC,134256_109,225/45ZR18,,225,45,ZR,18,PILOT SUPER SPORT,,95,(Y),EL,,225/45 ZR18 (95Y) EXTRA LOAD TL PILOT SUPER SPORT MI
LTMIC00162,PC,976432_102,225/45ZR18,,225,45,ZR,18,PILOT SPORT 3,,95,W,EL,,225/45 ZR18 95W EXTRA LOAD TL PILOT SPORT 3 ST MI
LTMIC00383,PC,039926_101,225/45R18,,225,45,R,18,PILOT SPORT 3,DT,95,W,EL,,225/45 ZR18 95W EXTRA LOAD TL PILOT SPORT 3 ST DT MI
LTMIC00384,PC,260192_109,225/45R18,,225,45,R,18,PILOT SPORT 3,,91,V,,,225/45 R18 91V TL PILOT SPORT 3 GRNX MI
LTMIC00163,PC,653892_106,225/45R18,,225,45,R,18,PRIMACY 3,ZP*,91,W,,BMW F45 CITY TOURER,225/45 R18 91W TL PRIMACY 3 ZP * GRNX MI
LTMIC00164,PC,393352_112,225/45R18,,225,45,R,18,PRIMACY 3,ZPMO,95,Y,EL,,225/45 R18 95Y EXTRA LOAD TL PRIMACY 3 ZP MOE GRNX MI
LTMIC00165,PC,033627_104,225/50ZR18,,225,50,ZR,18,PILOT SUPER SPORT,,99,(Y),EL,,225/50 ZR18 (99Y) EXTRA LOAD TL PILOT SUPER SPORT MI
LTMIC00471,PC,243266_103,225/50ZR18,,225,50,ZR,18,PRIMACY 3 ST,ZP*,95,W,,BMW X1 X3高配,225/50 R18 95W TL PRIMACY 3 ST ZP * GRNX MI
LTMIC00167,PC,172962_101,225/55R18,,225,55,R,18,PRIMACY 3 ST,,102,V,EL,,225/55 R18 102V EXTRA LOAD TL PRIMACY 3 ST GRNX MI
LTMIC00168,SUV,182921_103,225/60R18,,225,60,R,18,LATITUDE TOUR HP,,100,H,,广本歌诗图; 东本 CR-V,225/60R18 100H TL LATITUDE TOUR HP MI
LTMIC00439,SUV,155322_101,225/60R18,,225,60,R,18,PRIMACY SUV,,100,H,,,225/60 R18 100H TL PRIMACY SUV MI
LTMIC00169,PC,426916_102,235/40ZR18,,235,40,ZR,18,PILOT SPORT 3,,95,W,EL,,235/40 ZR18 95W EXTRA LOAD TL PILOT SPORT 3 ST MI
LTMIC00170,PC,366788_125,235/40ZR18,,235,40,ZR,18,PILOT SPORT PS2,,95,Y,EL,,235/40 ZR18 95Y EXTRA LOAD TL PILOT SPORT PS2 MI
LTMIC00171,PC,260657_114,235/40ZR18,,235,40,ZR,18,PILOT SPORT PS2,N4,91,(Y),,,235/40 ZR18 (91Y) TL PILOT SPORT PS2 N4 MI
LTMIC00472,PC,736465_101,235/40ZR18,,235,40,ZR,18,PILOT SPORT 3,DT,95,W,EL,,235/40 ZR18 95W EXTRA LOAD TL PILOT SPORT 3 ST DT  MI
LTMIC00173,PC,862518_101,235/45R18,,235,45,R,18,PILOT SPORT 3,RP,94,V,,"长安标致DS4,DS5",235/45 R18 94V TL PILOT SPORT 3 ST RP MI
LTMIC00385,PC,892524_102,235/45R18,,235,45,R,18,PRIMACY 3 ST,,94,V,,,235/45 R18 94V TL PRIMACY 3 ST GRNX MI
LTMIC00174,PC,182965_101,235/50R18,,235,50,R,18,PRIMACY 3 ST,,97,W,,,235/50 R18 97W TL PRIMACY 3 ST GRNX MI
LTMIC00386,PC,677456_102,235/50R18,,235,50,R,18,PRIMACY 3 ST,DT,97,W,,,235/50 R18 97W TL PRIMACY 3 ST DT GRNX MI
LTMIC00387,PC,832064_103,235/50R18,,235,50,R,18,PRIMACY 3 ST,DT1,97,W,,,235/50 R18 97W TL PRIMACY 3 ST DT1 GRNX MI
LTMIC00175,PC,020291_103,235/50R18,,235,50,R,18,PILOT SPORT 3,AO,97,V,,,235/50 R18 97V TL PILOT SPORT 3 ST AO MI
LTMIC00177,PC,765691_117,P235/50R18,P,235,50,R,18,PILOT HX MXM4,,97,V,,进口/国产卡迪拉克 CTS,P235/50R18 97V TL PILOT HX MXM4 ORBL MI
LTMIC00178,SUV,768694_102,235/50R18,,235,50,R,18,LATITUDE TOUR HP,,97,H,,,235/50R18 97H TL LATITUDE TOUR HP MI
LTMIC00179,SUV,976944_105,235/50R18,,235,50,R,18,LATITUDE TOUR HP CPJ,,97,V,,,235/50R18 97V TL LATITUDE TOUR HP CPJ MI
LTMIC00180,SUV,458382_109,235/55R18,,235,55,R,18,LATITUDE TOUR HP,,100,V,,比亚迪 S7,235/55R18 100V TL LATITUDE TOUR HP MI
LTMIC00451,SUV,736064_103,235/55R18,,235,55,R,18,PILOT SPORT 3,,100,V,,,235/55 R18 100V TL PILOT SPORT 3 ST MI
LTMIC00181,PC,810838_101,235/60R18,,235,60,R,18,PILOT PRECEDA PP2,AO,103,W,,国产Audi Q5 ,235/60 R18 103W TL PILOT PRECEDA PP2 AO MI
LTMIC00183,SUV,605898_106,235/60R18,,235,60,R,18,LATITUDE TOUR HP,AO,103,H,,进口 Audi Q5/Q7; ,235/60R18 103H TL LATITUDE TOUR HP AO GRNX MI
LTMIC00184,SUV,595767_105,235/60R18,,235,60,R,18,LATITUDE TOUR HP,,103,V,,,235/60R18 103V TL LATITUDE TOUR HP GREEN X MI
LTMIC00424,SUV,024200_101,235/60R18,,235,60,R,18,PRIMACY SUV,,103,V,,,235/60 R18 103V TL PRIMACY SUV MI
LTMIC00185,SUV,774118_106,235/60R18,,235,60,R,18,LATITUDE TOUR HP,N0,103,V,,,235/60 R18 103V TL LATITUDE TOUR HP N0 GRNX MI
LTMIC00186,SUV,765737_111,235/60R18,,235,60,R,18,LATITUDE SPORT 3,N0,103,W,,MACAN Front 2014,235/60 R18 103W TL LATITUDE SPORT 3 N0 GRNX MI
LTMIC00187,SUV,368600_109,P235/65R18,P,235,65,R,18,LATITUDE TOUR HP,,104,H,,进口Cadillac SRX ,P235/65R18 104H TL LATITUDE TOUR HP MI
LTMIC00388,SUV,142036_105,235/65R18,,235,65,R,18,LATITUDE SPORT 3,,110,H,EL,,235/65 R18 110H EXTRA LOAD TL LATITUDE SPORT 3 GRNX MI
LTMIC00438,SUV,715010_102,235/65R18,,235,65,R,18,PRIMACY SUV,,106,H,,,235/65 R18 106H TL PRIMACY SUV MI
LTMIC00425,PC,744945_105,245/35ZR18,,245,35,R,18,PILOT SPORT 3,ZP,92,Y,,,245/35 ZR18 92Y XL TL PILOT SPORT 3 ZP GRNX MI
LTMIC00189,PC,763802_104,245/40ZR18,,245,40,ZR,18,PILOT SPORT 3,,93,W,,Volvo S80,245/40 ZR18 93W TL PILOT SPORT 3 ST MI
LTMIC00190,PC,315928_114,245/40ZR18,,245,40,ZR,18,PILOT SPORT 3,AO,93,Y,,,245/40 ZR18 93Y TL PILOT SPORT 3 AO GRNX MI
LTMIC00426,PC,942166_111,245/40ZR18,,245,40,ZR,18,PILOT SPORT 3,AO,97,Y,,,245/40 ZR18 97Y EXTRA LOAD TL PILOT SPORT 3 AO GRNX MI
LTMIC00389,PC,752923_102,245/40ZR18,,245,40,ZR,18,PILOT SPORT 3,,97,(Y),EL,,245/40 ZR18 (97Y) EXTRA LOAD TL PILOT SPORT 3 GRNX MI
LTMIC00427,PC,572482_110,225/40ZR18,,225,40,ZR,18,PILOT SPORT PS2,MO,92,Y,,,225/40 ZR18 92Y EXTRA LOAD TL PILOT SPORT PS2 MO MI
LTMIC00192,PC,454045_105,245/40ZR18,,245,40,ZR,18,PILOT SUPER SPORT,,97,(Y),EL,,245/40 ZR18 (97Y) EXTRA LOAD TL PILOT SUPER SPORT MI
LTMIC00193,PC,119337_109,245/40ZR18,,245,40,ZR,18,PILOT SPORT PS2,ZP,93,Y,,,245/40 ZR 18 93Y TL ZP PILOT SPORT PS2 MI
LTMIC00194,PC,262100_113,245/40R18,,245,40,R,18,PRIMACY 3,ZPMO,97,Y,EL,,245/40 R18 97Y EXTRA LOAD TL PRIMACY 3 ZP MOE GRNX MI
LTMIC00390,PC,027517_101,245/40ZR18,,245,40,ZR,18,PILOT SPORT 3,,97,W,,,245/40 ZR18 97W EXTRA LOAD TL PILOT SPORT 3 ST MI
LTMIC00195,PC,928402_111,245/45ZR18,,245,45,ZR,18,PILOT SUPER SPORT,,100,(Y),EL,,245/45 ZR18 (100Y) EXTRA LOAD TL PILOT SUPER SPORT MI
LTMIC00196,PC,149663_102,245/45R18,,245,45,R,18,PILOT SPORT 3,AO,100,Y,EL,奥迪A6 (C7); ,245/45 R18 100Y EXTRA LOAD TL PILOT SPORT 3 ST AO MI
LTMIC00197,PC,275662_102,245/45R18,,245,45,R,18,PRIMACY 3 ST,,100,W,EL,,245/45 R18 100W EXTRA LOAD TL PRIMACY 3 ST GRNX MI
LTMIC00391,PC,948389_113,245/50R18,,245,50,R,18,PRIMACY 3,ZP*,100,Y,,BMW,245/50 R18 100Y TL PRIMACY 3 ZP * GRNX MI
LTMIC00455,PC,287124_106,245/50R18,,245,50,R,18,PRIMACY 3,ZPMO,100,W,,MER-S-CLASS/CL,245/50 R18 100W TL PRIMACY 3 ZP MOE GRNX MI
LTMIC00200,PC,894991_101,245/50R18,,245,50,R,18,PRIMACY 3 ST,,100,W,,,245/50 R18 100W TL PRIMACY 3 ST GRNX MI
LTMIC00456,SUV,196980_105,245/60R18,,245,60,R,18,PREMLTX,,105,V,,,245/60R18 105V TL PREMLTX MI
LTMIC00201,SUV,770024_115,P245/60R18,P,245,60,R,18,LATITUDE TOUR HP,,104,H,,Ford Edge 福特锐界,P245/60R18 104H TL LATITUDE TOUR HP MI
LTMIC00202,SUV,715810_110,P245/60R18,P,245,60,R,18,LATITUDE TOUR HP,,104,H,,,P245/60R18 104H TL LATITUDE TOUR HP GRNX MI
LTMIC00392,SUV,095259_102,245/60R18,,245,60,R,18,LATITUDE TOUR HP,,105,V,,,245/60R18 105V TL LATITUDE TOUR HP MI
LTMIC00203,PC,354085_102,255/35ZR18,,255,35,ZR,18,PILOT SPORT 3,,94,Y,EL,,255/35 ZR18 94Y EXTRA LOAD TL PILOT SPORT 3 GRNX MI
LTMIC00204,PC,313692_118,255/35ZR18,,255,35,ZR,18,PILOT SPORT PS2,ZP*,90,Y,,,255/35 ZR 18 90Y TL * ZP PILOT SPORT PS2 MI
LTMIC00206,PC,696509_111,255/45R18,,255,45,R,18,PRIMACY HP,MO,99,Y,,奔驰S系; 适配 大众辉腾、奥迪A8,255/45 R18 99Y TL PRIMACY HP MO GRNX MI
LTMIC00207,PC,850691_104,255/45R18,,255,45,R,18,PRIMACY 3 ST,,99,W,,,255/45 R18 99W TL PRIMACY 3 ST GRNX MI
LTMIC00209,SUV,760575_108,255/55R18,,255,55,R,18,LATITUDE SPORT 3,ZP*,109,V,XL,BMW X5 2014,255/55 R18 109V XL TL LATITUDE SPORT 3 ZP* GRNX MI
LTMIC00210,SUV,987510_106,255/55R18,,255,55,R,18,LATITUDE TOUR HP,ZP*DT,109,H,EL,,255/55R18 109H EXTRA LOAD TL LATITUDE TOUR HPZP *DTMI
LTMIC00213,SUV,840466_107,255/55R18,,255,55,R,18,LATITUDE TOUR HP,,105,H,,Acura MDX,255/55R18 105H TL LATITUDE TOUR HP MI
LTMIC00393,SUV,555621_112,255/55R18,,255,55,R,18,LATITUDE TOUR HP,MO,105,H,,,255/55R18 105H TLMO LATITUDE TOUR HP XSE MI
LTMIC00214,SUV,329666_104,255/55R18,,255,55,R,18,LATITUDE SPORT 3,,109,Y,EL,,255/55 R18 109Y EXTRA LOAD TL LATITUDE SPORT 3 GRNX MI
LTMIC00215,SUV,626763_112,255/55R18,,255,55,R,18,LATITUDE SPORT 3,N0,105,W,,MACAN Rear 2014,255/55 R18 105W TL LATITUDE SPORT 3 N0 GRNX MI
LTMIC00216,SUV,514028_111,255/55R18,,255,55,R,18,LATITUDE SPORT,N1,109,Y,EL,,255/55 R18 109Y EXTRA LOAD TL LATITUDE SPORT N1 MI
LTMIC00217,SUV,095304_115,255/55R18,,255,55,R,18,LATITUDE TOUR HP,N1,109,V,XL,,255/55R18 109V XL TL LATITUDE TOUR HP N1 GRNX MI
LTMIC00218,SUV,290822_112,255/55R18,,255,55,R,18,LATITUDE TOUR HP,N0,105,V,,MACAN Rear ,255/55 R18 105V TL LATITUDE TOUR HP N0 GRNX MI
LTMIC00219,SUV,273200_108,255/60R18,,255,60,R,18,LATITUDE TOUR HP,,112,V,EL,,255/60 R18 112VEXTRA LOAD TL LATITUDE TOUR HP GRNX MI
LTMIC00220,SUV,166960_106,255/60R18,,255,60,R,18,LATITUDE SPORT 3,,112,V,EL,,255/60 R18 112V EXTRA LOAD TL LATITUDE SPORT 3 GRNX MI
LTMIC00221,PC,352751_110,265/35ZR18,,265,35,ZR,18,PILOT SPORT 3,,97,(Y),EL,,265/35 ZR18 (97Y) EXTRA LOAD TL PILOT SPORT 3 GRNX MI
LTMIC00222,PC,835329_108,265/35ZR18,,265,35,ZR,18,PILOT SPORT PS2,N3,93,(Y),,,265/35 ZR18 (93Y) TL PILOT SPORT PS2 N3 MI
LTMIC00223,PC,792425_111,265/40ZR18,,265,40,ZR,18,PILOT SPORT PS2,*,97,Y,,,265/40 ZR18 (97Y) TL * PILOT SPORT PS2 MI
LTMIC00224,PC,973787_110,265/40ZR18,,265,40,ZR,18,PILOT SUPER SPORT,,101,(Y),EL,,265/40 ZR18 (101Y) EXTRA LOAD TL PILOT SUPER SPORT MI
LTMIC00225,PC,495268_112,265/40ZR18,,265,40,ZR,18,PILOT SPORT PS2,N4,101,(Y),EL,,265/40 ZR18 (101Y) EXTRA LOAD TL PILOT SPORT PS2 N4 MI
LTMIC00227,SUV,959287_107,P265/60R18,P,265,60,R,18,LATITUDE TOUR,,109,T,,,P265/60R18 109T TL LATITUDE TOUR MI
LTMIC00428,SUV,811570_101,265/60R18,,265,60,R,18,PRIMACY SUV,,110,H,,,265/60 R18 110H TL PRIMACY SUV MI
LTMIC00490,SUV,,265/60R18,,265,60,R,18,LTX FORCE,,110,T,,,265/60R18 110T TL LTX FORCE  MI
LTMIC00228,PC,214952_105,275/35ZR18,,275,35,ZR,18,PILOT SPORT 3,,99,(Y),EL,,275/35 ZR18 (99Y) EXTRA LOAD TL PILOT SPORT 3 GRNX MI
LTMIC00229,PC,845995_108,275/35ZR18,,275,35,ZR,18,PILOT SPORT PS2,ZP,95,Y,,,275/35 ZR18 95Y TL PILOT SPORT PS2 ZP MI
LTMIC00230,PC,024070_109,275/45R18,,275,45,R,18,PRIMACY HP,MO,103,Y,,,275/45 R18 103Y TL PRIMACY HP MO GRNX MI
LTMIC00232,SUV,693495_111,285/60R18,,285,60,R,18,LATITUDE TOUR HP,,120,V,EL,,285/60R18 120VEXTRA LOAD TL LATITUDE TOUR HP  MI
LTMIC00233,PC,832153_107,295/30ZR18,,295,30,ZR,18,PILOT SPORT PS2,N3,98,(Y),EL,,295/30 ZR18 (98Y) EXTRA LOAD TL PILOT SPORT PS2 N3 MI
LTMIC00234,PC,054029_108,295/30ZR18,,295,30,ZR,18,PILOT SPORT PS2,N4,98,(Y),EL,,295/30 ZR18 (98Y) EXTRA LOAD TL PILOT SPORT PS2 N4 MI
LTMIC00235,PC,240093_107,295/35ZR18,,295,35,ZR,18,PILOT SPORT PS2,N4,99,(Y),,,295/35 ZR18 (99Y) TL PILOT SPORT PS2 N4 MI
LTMIC00236,PC,041650_107,315/30ZR18,,315,30,ZR,18,PILOT SPORT PS2,N4,98,(Y),,,315/30 ZR18 (98Y) TL PILOT SPORT PS2 N4 MI
LTMIC00237,PC,634397_106,225/35ZR19,,225,35,ZR,19,PILOT SUPER SPORT,,88,(Y),EL,,225/35 ZR19 (88Y) EXTRA LOAD TL PILOT SUPER SPORT MI
LTMIC00238,PC,409516_107,225/40ZR19,,225,40,ZR,19,PILOT SUPER SPORT,,93,(Y),EL,,225/40 ZR19 (93Y) EXTRA LOAD TL PILOT SUPER SPORT MI
LTMIC00473,PC,941016_106,225/40ZR19,,225,40,ZR,19,PILOT SPORT 3,,93,Y,EL,BMW X1高配和 MINI Paceman,225/40 ZR19 93Y EXTRA LOAD TL PILOT SPORT 3 ZP GRNX MI
LTMIC00239,PC,998870_107,235/30ZR19,,235,30,ZR,19,PILOT SUPER SPORT,,86,(Y),EL,,235/30 ZR19 (86Y) EXTRA LOAD TL PILOT SUPER SPORT MI
LTMIC00240,PC,916404_105,235/35ZR19,,235,35,ZR,19,PILOT SUPER SPORT,,91,(Y),EL,,235/35 ZR19 (91Y) EXTRA LOAD TL PILOT SUPER SPORT MI
LTMIC00242,PC,531615_111,235/35ZR19,,235,35,ZR,19,PILOT SPORT PS2,N2,87,(Y),,,235/35 ZR19 (87Y) TL PILOT SPORT PS2 N2 MI
LTMIC00394,PC,239716_108,235/35ZR19,,235,35,ZR,19,PILOT SPORT CUP 2,N0,91,(Y),EL,,235/35 ZR19 (91Y) EXTRALOAD TL PILOT SPORT CUP2 N0 MI
LTMIC00243,PC,055260_106,235/40ZR19,,235,40,ZR,19,PILOT SUPER SPORT,,96,(Y),EL,,235/40 ZR19 (96Y) EXTRA LOAD TL PILOT SUPER SPORT MI
LTMIC00244,SUV,229871_106,235/50R19,,235,50,R,19,LATITUDE TOUR HP,MO,99,H,,奔驰 GLK,235/50R19 99H TL LATITUDE TOUR HP MO GRNX MI
LTMIC00443,SUV,417649_107,235/50R19,,235,50,R,19,LATITUDE SPORT 3,,99,V,,,235/50 R19 99V TL LATITUDE SPORT 3 GRNX MI
LTMIC00245,PC,845221_101,235/55R19,,235,55,R,19,PILOT PRECEDA PP2,AO,101,W,,国产Audi Q5 ,235/55 R19 101W TL PILOT PRECEDA PP2 AO MI
LTMIC00429,PC,198495_101,235/55R19,,235,55,R,19,PILOT PRECEDA PP2,,101,W,,,235/55 R19 101W TL PILOT PRECEDA PP2 MI
LTMIC00395,PC,377493_102,235/55R19,,235,55,R,19,PILOT SPORT 3,,101,V,,,235/55 R19 101V TL PILOT SPORT 3 ST MI
LTMIC00246,SUV,853355_110,235/55R19,,235,55,R,19,LATITUDE TOUR HP,,101,V,,,235/55R19 101V TL LATITUDE TOUR HP GRNX MI
LTMIC00247,SUV,822695_109,235/55R19,,235,55,R,19,LATITUDE SPORT,AO,101,W,,,235/55 R19 101W TL LATITUDE SPORT AO MI
LTMIC00248,SUV,905586_109,235/55R19,,235,55,R,19,LATITUDE TOUR HP,N0,101,V,,,235/55R19 101V TL LATITUDE TOUR HP N0 GRNX MI
LTMIC00249,SUV,056615_112,235/55R19,,235,55,R,19,LATITUDE SPORT 3,N0,101,Y,,MACAN Front 2014,235/55 R19 101Y TL LATITUDE SPORT 3 N0 GRNX MI
LTMIC00457,SUV,069520_109,235/55R19,,235,55,R,19,LATITUDE SPORT 3,,105,V,EL,VOL-XC90,235/55 R19 105V EXTRA LOAD TL LATITUDE SPORT 3 GRNX MI
LTMIC00250,PC,177283_106,245/35ZR19,,245,35,ZR,19,PILOT SUPER SPORT,,93,(Y),EL,,245/35 ZR19 (93Y) EXTRA LOAD TL PILOT SUPER SPORT MI
LTMIC00251,PC,139305_107,245/35ZR19,,245,35,ZR,19,PILOT SPORT CUP 2,N0,93,(Y),EL,,245/35 ZR19 (93Y) EXTRALOAD TL PILOT SPORT CUP 2 N0 MI
LTMIC00252,PC,710421_108,245/40ZR19,,245,40,ZR,19,PILOT SPORT 3,,98,Y,EL,,245/40 ZR19 (98Y) EXTRA LOAD TL PILOT SPORT 3 GRNX MI
LTMIC00447,PC,111628_113,245/40ZR19,,245,40,ZR,19,PILOT SUPER SPORT,,98,Y,EL,NA_-MKZ; OPE-Astra,245/40 ZR19 (98Y) EXTRA LOAD TL PILOT SUPER SPORT MI
LTMIC00253,PC,247631_111,245/45R19,,245,45,R,19,PILOT PRIMACY,*,98,Y,,BMW,245/45R19 98Y PILOT PRIMACY TL * MI
LTMIC00254,PC,820708_101,245/45R19,,245,45,R,19,PRIMACY 3 ST,,102,W,EL,尼桑ELGRAND,245/45 R19 102W EXTRA LOAD TL PRIMACY 3 ST GRNX MI
LTMIC00474,PC,162305_110,245/45R19,,245,45,R,19,PILOT SPORT 3,MO,102,Y,EL,奔驰S class原配,245/45 R19 102Y EXTRA LOAD TL PILOT SPORT 3 MO GRNX MI
LTMIC00396,SUV,564211_106,245/45R19,,245,45,R,19,LATITUDE TOUR HP CPJ,,98,V,,,245/45R19 98V TL LATITUDE TOUR HP CPJ MI
LTMIC00255,PC,436809_113,245/45R19,,245,45,R,19,PRIMACY 3,ZP*,98,Y,,,245/45 R19 98Y TL PRIMACY 3 ZP * GRNX MI
LTMIC00256,SUV,087471_101,245/55R19,,245,55,R,19,LATITUDE TOUR HP,,103,H,,,245/55R19 103H TL LATITUDE TOUR HP MI
LTMIC00397,SUV,407678_102,245/55R19,,245,55,R,19,LATITUDE TOUR HP,,103,V,,,245/55R19 103V TL LATITUDE TOUR HP MI
LTMIC00398,PC,900165_107,255/30ZR19,,255,30,ZR,19,PILOT SUPER SPORT,,91,(Y),EL,,255/30 ZR19 (91Y) EXTRA LOAD TL PILOT SUPER SPORT MI
LTMIC00258,PC,643781_107,255/35ZR19,,255,35,ZR,19,PILOT SUPER SPORT,,96,(Y),EL,,255/35 ZR19 (96Y) EXTRA LOAD TL PILOT SUPER SPORT MI
LTMIC00475,PC,495629_105,255/35ZR19,,255,35,ZR,19,PILOT SUPER SPORT,ZP,96,Y,EL,BMW 4SERIES,255/35 ZR19 96Y EXTRA LOAD TL PILOT SPORT 3 ZP GRNX MI
LTMIC00259,PC,468059_112,255/40ZR19,,255,40,ZR,19,PILOT SPORT PS2,,96,(Y),,,255/40 ZR19 (96Y) TL PILOT SPORT PS2 MI
LTMIC00261,PC,906256_106,255/45R19,,255,45,R,19,PILOT SPORT A/S PLUS,N0,100,V,,,255/45R19 100V TL PILOT SPORT A/S PLUS N0 GRNX MI
LTMIC00262,PC,067328_104,255/45R19,,255,45,R,19,PILOT SPORT A/S PLUS,N1,100,V,,,255/45R19 100V TL PILOT SPORT A/S PLUS N1 GRNX MI
LTMIC00264,PC,711247_109,255/45ZR19,,255,45,ZR,19,PILOT SUPER SPORT,N0,100,(Y),,,255/45 ZR19 (100Y) TL PILOT SUPER SPORT N0 MI
LTMIC00430,SUV,050663_105,255/45R19,,255,45,19,19,LATITUDE SPORT 3,,100,V,,,255/45 R19 100V TL LATITUDE SPORT 3 GRNX MI
LTMIC00399,SUV,399169_105,255/50R19,,255,50,R,19,LATITUDE DIAMARIS,*,103,V,,,255/50 R19 103V TL LATITUDE DIAMARIS * MI
LTMIC00266,SUV,859478_109,255/50R19,,255,50,R,19,LATITUDE SPORT 3,,107,W,EL,,255/50 R19 107W EXTRA LOAD TL LATITUDE SPORT 3 GRNX MI
LTMIC00476,SUV,410072_106,255/50R19,,255,50,R,19,LATITUDE SPORT 3,,103,Y,,,255/50 R19 103Y TL LATITUDE SPORT 3 GRNX MI
LTMIC00267,SUV,385103_112,255/50R19,,255,50,R,19,LATITUDE SPORT 3,N0,103,Y,,MACAN Rear 2014,255/50 R19 103Y TL LATITUDE SPORT 3 N0 GRNX MI
LTMIC00268,SUV,691617_109,255/50R19,,255,50,R,19,LATITUDE TOUR HP,N0,103,V,,,255/50R19 103V TL LATITUDE TOUR HP N0 GRNX MI
LTMIC00270,SUV,959391_106,255/50R19,,255,50,R,19,LATITUDE TOUR HP,ZP*DT,107,H,EL,BMW X5,255/50R19 107H EXTRA LOAD TL LATITUDE TOUR HP ZP*DTMI
LTMIC00400,SUV,919695_108,255/50R19,,255,50,R,19,LATITUDE SPORT 3,ZP,107,W,XL,,255/50 R19 107W XL TL LATITUDE SPORT 3 ZP GRNX MI
LTMIC00431,SUV,519629_108,255/50R19,,255,50,R,19,LATITUDE TOUR HP,MO,107,H,,,255/50R19 107H EXTRA LOAD TL LATITUDE TOUR HP MO MI
LTMIC00271,SUV,049336_111,255/55R19,,255,55,R,19,LATITUDE TOUR HP,,111,V,EL,,255/55 R19 111V EXTRA LOAD TL LATITUDE TOUR HP GRNX MI
LTMIC00272,PC,299356_106,265/30ZR19,,265,30,ZR,19,PILOT SUPER SPORT,,93,(Y),EL,,265/30 ZR19 (93Y) EXTRA LOAD TL PILOT SUPER SPORT MI
LTMIC00273,PC,917892_113,265/35ZR19,,265,35,ZR,19,PILOT SUPER SPORT,MO,98,(Y),XL,,265/35 ZR19 (98Y) XL TL PILOT SUPER SPORT MO MI
LTMIC00274,PC,505499_111,265/35ZR19,,265,35,ZR,19,PILOT SPORT PS2,N2,94,(Y),,,265/35ZR19 (94Y) TL PILOT SPORT PS2 N2 MI
LTMIC00401,PC,886595_109,265/35ZR19,,265,35,ZR,19,PILOT SUPER SPORT,N0,98,(Y),XL,,265/35 ZR19 (98Y) XL TL PILOT SUPER SPORT N0 MI
LTMIC00444,PC,849181_110,265/40ZR19,,265,40,ZR,19,PILOT SUPER SPORT,*,102,Y,,BMM-M5,265/40 ZR19 (102Y) XL TL PILOT SUPER SPORT * MI
LTMIC00276,SUV,315703_107,265/50R19,,265,50,R,19,LATITUDE TOUR HP,N0,110,V,XL,,265/50R19 110V XL TL LATITUDE TOUR HP N0 GRNX MI
LTMIC00277,SUV,159270_108,265/50R19,,265,50,R,19,LATITUDE SPORT 3,N0,110,Y,XL,Cayenne(E2 FL) 2014,265/50 R19 110Y XL TL LATITUDE SPORT 3 N0 GRNX MI
LTMIC00402,PC,796332_110,275/30ZR19,,275,30,ZR,19,PILOT SUPER SPORT,,96,(Y),EL,,275/30 ZR19 (96Y) EXTRA LOAD TL PILOT SUPER SPORT MI
LTMIC00278,PC,548124_108,275/35ZR19,,275,35,ZR,19,PILOT SPORT CUP 2,MO,100,(Y),XL,,275/35 ZR19 (100Y) XL TL PILOT SPORT CUP 2 MO MI
LTMIC00458,PC,504037_110,275/35ZR19,,275,35,ZR,19,PILOT SUPER SPORT,*,100,(Y),XL,"BMW M3,M4",275/35ZR19 (100Y) EXTRA LOAD TL PILOT SUPER SPORT * MI
LTMIC00279,PC,782261_113,275/35ZR19,,275,35,ZR,19,PILOT SUPER SPORT,,100,(Y),EL,,275/35 ZR19 (100Y) EXTRA LOAD TL PILOT SUPER SPORT MI
LTMIC00280,PC,949729_113,275/40R19,,275,40,R,19,PILOT PRIMACY,*,101,Y,,BMW,275/40R19 101Y PILOT PRIMACY TL * MI
LTMIC00403,PC,419781_113,275/40R19,,275,40,R,19,PRIMACY 3,ZP*,101,Y,,,275/40 R19 101Y TL PRIMACY 3 ZP * GRNX MI
LTMIC00452,PC,167883_105,275/40R19,,275,40,R,19,PRIMACY 3,ZP,101,Y,,BMW-7系,275/40 R19 101Y TL PRIMACY 3 ZP * S1 GRNX MI
LTMIC00281,SUV,522255_108,275/45R19,,275,45,R,19,LATITUDE SPORT,N0,108,Y,EL,,275/45 R19 108Y EXTRA LOAD TL N0 LATITUDE SPORT MI
LTMIC00282,SUV,536851_106,275/45R19,,275,45,R,19,LATITUDE TOUR HP,N0,108,V,EL,,275/45 R19 108V EXTRA LOAD TLN0 LATITUDE TOUR HP MI
LTMIC00283,SUV,233435_109,275/45R19,,275,45,R,19,LATITUDE SPORT 3,,108,Y,EL,,275/45 R19 108Y EXTRA LOAD TL LATITUDE SPORT 3 GRNX MI
LTMIC00286,PC,184612_111,285/35ZR19,,285,35,ZR,19,PILOT SPORT PS2,,99,(Y),,,285/35 ZR 19 (99Y) PILOT SPORT PS2 TL MI
LTMIC00441,PC,196915_112,285/35ZR19,,285,35,ZR,19,PILOT SUPER SPORT,,103,Y,EL,,285/35 ZR19 (103Y) EXTRA LOAD TL PILOT SUPER SPORT MI
LTMIC00287,PC,925375_106,285/40R19,,285,40,R,19,PILOT SPORT A/S PLUS,N0,103,V,,,285/40R19 103V TL PILOT SPORT A/S PLUS N0 GRNX MI
LTMIC00288,PC,265369_104,285/40R19,,285,40,R,19,PILOT SPORT A/S PLUS,N1,103,V,,Panamera S后轮,285/40R19 103V TL PILOT SPORT A/S PLUS N1 GRNX MI
LTMIC00290,PC,198755_109,285/40ZR19,,285,40,ZR,19,PILOT SUPER SPORT,N0,103,(Y),,,285/40 ZR19 (103Y) TL PILOT SUPER SPORT N0 MI
LTMIC00291,SUV,387291_105,285/45R19,,285,45,R,19,LATITUDE DIAMARIS,*,107,V,,BMW 5系,285/45 R19 107V TL LATITUDE DIAMARIS * MI
LTMIC00292,SUV,351392_107,285/45R19,,285,45,R,19,LATITUDE TOUR HP,,107,V,,,285/45R19 107V TL LATITUDE TOUR HP MI
LTMIC00293,SUV,544381_109,285/45R19,,285,45,R,19,LATITUDE SPORT 3,,111,W,EL,,285/45 R19 111W EXTRA LOAD TL LATITUDE SPORT 3 GRNX MI
LTMIC00465,SUV,543939_106,285/45R19,,285,45,R,19,LATITUDE SPORT 3,ZP,111,W,XL,,285/45 R19 111W XL TL LATITUDE SPORT 3 ZP GRNX MI
LTMIC00294,PC,885945_106,295/30ZR19,,295,30,ZR,19,PILOT SUPER SPORT,,100,(Y),EL,,295/30 ZR19 (100Y) EXTRA LOAD TL PILOT SUPER SPORT MI
LTMIC00295,PC,810959_107,295/30ZR19,,295,30,ZR,19,PILOT SPORT CUP 2,,100,(Y),EL,,295/30 ZR19 (100Y) EXTRA LOAD TL PILOT SPORT CUP 2 MI
LTMIC00296,PC,172795_107,295/30ZR19,,295,30,ZR,19,PILOT SPORT PS2,N2,100,(Y),EL,,295/30ZR19 (100Y) EXTRA LOAD TL PILOT SPORT PS2 N2 MI
LTMIC00445,PC,966752_110,295/35ZR19,,295,35,ZR,19,PILOT SUPER SPORT,*,104,Y,,BMM-M5,295/35 ZR19 (104Y) XL TL PILOT SUPER SPORT * MI
LTMIC00297,PC,057468_106,305/30ZR19,,305,30,ZR,19,PILOT SUPER SPORT,,102,(Y),EL,,305/30 ZR19 (102Y) EXTRA LOAD TL PILOT SUPER SPORT MI
LTMIC00299,PC,813765_107,305/30ZR19,,305,30,ZR,19,PILOT SPORT PS2,N2,102,(Y),EL,,305/30ZR19 (102Y) EXTRA LOAD TL PILOT SPORT PS2 N2 MI
LTMIC00404,PC,558923_108,305/30ZR19,,305,30,ZR,19,PILOT SPORT CUP 2,N0,102,(Y),EL,,305/30 ZR19 (102Y) EXTRALOAD TL PILOT SPORT CUP2 N0 MI
LTMIC00405,PC,394762_109,325/30ZR19,,325,30,ZR,19,PILOT SPORT CUP 2,N0,105,(Y),EL,,325/30 ZR19 (105Y) EXTRALOAD TL PILOT SPORT CUP2 N0 MI
LTMIC00303,PC,102558_110,235/35ZR20,,235,35,ZR,20,PILOT SUPER SPORT,K1,92,(Y),XL,,235/35 ZR20 (92Y) XL TL PILOT SUPER SPORT K1 MI
LTMIC00304,SUV,528791_108,P235/55R20,P,235,55,R,20,LATITUDE TOUR HP CPJ,,102,H,,,P235/55R20 102H TL LATITUDE TOUR HP CPJ MI
LTMIC00446,SUV,374598_101,235/55R20,,235,55,R,20,PRIMACY SUV,,102,H,,,235/55 R20 102H TL PRIMACY SUV MI
LTMIC00305,PC,947920_111,245/35ZR20,,245,35,ZR,20,PILOT SUPER SPORT,K1,95,(Y),XL,,245/35 ZR20 (95Y) XL TL PILOT SUPER SPORT K1 MI
LTMIC00306,PC,162618_105,245/35ZR20,,245,35,ZR,20,PILOT SPORT CUP 2,K1,91,(Y),,,245/35 ZR20 (91Y) TL PILOT SPORT CUP 2 K1 MI
LTMIC00307,PC,144062_106,245/35ZR20,,245,35,ZR,20,PILOT SPORT CUP 2,N0,91,(Y),,,245/35 ZR20 (91Y) TL PILOT SPORT CUP 2 N0 MI
LTMIC00308,SUV,290116_109,245/45R20,,245,45,R,20,LATITUDE SPORT,,99,V,,路虎极光Evoque 2.0T三门/五门耀致版,245/45 R20 99V TL LATITUDE SPORT MI
LTMIC00309,PC,345799_104,255/35ZR20,,255,35,ZR,20,PILOT SUPER SPORT,,97,(Y),EL,,255/35 ZR20 (97Y) EXTRA LOAD TL PILOT SUPER SPORT MI
LTMIC00310,PC,183835_105,255/35ZR20,,255,35,ZR,20,PILOT SUPER SPORT,K2,97,(Y),XL,Ferrari F12 Berlinetta,255/35 ZR20 (97Y) XL TL PILOT SUPER SPORT K2 MI
LTMIC00312,PC,122962_111,255/40ZR20,,255,40,ZR,20,PILOT SUPER SPORT,N0,101,(Y),XL,,255/40 ZR20 (101Y) XL TL PILOT SUPER SPORT N0 MI
LTMIC00313,PC,520681_107,255/40R20,,255,40,R,20,PILOT SPORT A/S PLUS,N0,101,V,XL,,255/40R20 101VXLTL PILOT SPORT A/S PLUS N0 GRNXMI
LTMIC00406,SUV,695709_112,255/45R20,,255,45,R,20,LATITUDE SPORT,AO,101,W,,,255/45 R20 101W TL LATITUDE SPORT AO MI
LTMIC00432,PC,001413_104,255/40ZR20,,255,40,ZR,20,PILOT SPORT 3,MO,101,Y,,,255/40 ZR20 (101Y) XL TL PILOT SPORT 3 ACOUSTIC MO MI
LTMIC00314,SUV,606077_108,255/50R20,,255,50,R,20,LATITUDE TOUR HP,,109,V,EL,,255/50R20 109VEXTRA LOAD TL LATITUDE TOUR HP MI
LTMIC00407,SUV,859238_110,255/55R20,,255,55,R,20,LATITUDE SPORT,,110,Y,EL,,255/55 R20 110Y EXTRA LOAD TL LATITUDE SPORT MI
LTMIC00315,PC,303098_113,265/30ZR20,,265,30,ZR,20,PILOT SPORT PS2,RO1,94,(Y),EL,,265/30ZR20 (94Y) EXTRA LOAD TL PILOT SPORT PS2 RO1 MI
LTMIC00316,PC,016663_107,265/35ZR20,,265,35,ZR,20,PILOT SUPER SPORT,*,99,(Y),EL,,265/35 ZR20 (99Y) EXTRA LOAD TL PILOT SUPER SPORT * MI
LTMIC00317,PC,693428_106,265/35ZR20,,265,35,ZR,20,PILOT SPORT CUP 2,N0,95,(Y),,,265/35 ZR20 (95Y) TL PILOT SPORT CUP 2 N0 MI
LTMIC00318,PC,414316_103,265/35ZR20,,265,35,ZR,20,PILOT SPORT CUP 2,N1,99,(Y),XL,,265/35 ZR20 (99Y) XL TL PILOT SPORT CUP 2 N1 MI
LTMIC00319,SUV,521105_111,265/45R20,,265,45,R,20,LATITUDE SPORT 3,N0,104,Y,,MACAN Front 2014,265/45 R20 104Y TL LATITUDE SPORT 3 N0 GRNX MI
LTMIC00320,SUV,292614_110,265/45R20,,265,45,R,20,LATITUDE TOUR HP,N0,104,V,,,265/45R20 104V TL LATITUDE TOUR HP N0 GRNX MI
LTMIC00321,SUV,612231_108,265/50R20,,265,50,R,20,LATITUDE SPORT 3,,107,V,,,265/50 R20 107V TL LATITUDE SPORT 3 GRNX MI
LTMIC00408,PC,457181_102,275/35ZR20,,275,35,ZR,20,PILOT SUPER SPORT,,102,(Y),EL,,275/35 ZR20 (102Y) EXTRA LOAD TL PILOT SUPER SPORT MI
LTMIC00322,SUV,847196_109,275/40R20,,275,40,R,20,LATITUDE TOUR HP,,106,W,EL,,275/40R20 106WEXTRA LOAD TL LATITUDE TOUR HP MI
LTMIC00323,SUV,463876_109,275/40R20,,275,40,R,20,4*4 DIAMARIS,N1,106,Y,EL,,275/40 R20 106Y EXTRA LOAD TL N1 4X4 DIAMARIS MI
LTMIC00324,SUV,922303_108,275/40R20,,275,40,R,20,LATITUDE SPORT 3,,106,Y,EL,,275/40 R20 106Y EXTRA LOAD TL LATITUDE SPORT 3 GRNX MI
LTMIC00326,SUV,552423_111,275/45R20,,275,45,R,20,LATITUDE SPORT 3,,110,Y,EL,,275/45 R20 110Y EXTRA LOAD TL LATITUDE SPORT 3 GRNX MI
LTMIC00459,SUV,136126_107,275/45R20,,275,45,R,20,LATITUDE SPORT 3,,110,V,EL,VOL-XC90,275/45 R20 110V EXTRA LOAD TL LATITUDE SPORT 3 GRNX MI
LTMIC00327,PC,751472_111,275/45R20,,275,45,R,20,PILOT SPORT PS2,MO,110,Y,EL,,275/45 R20 110Y EXTRA LOAD TL PILOT SPORT PS2 MO MI
LTMIC00328,SUV,792654_111,275/45R20,,275,45,R,20,LATITUDE SPORT,N0,110,Y,EL,,275/45 R20 110Y EXTRA LOAD TL N0 LATITUDE SPORT MI
LTMIC00329,SUV,058138_106,275/50R20,,275,50,R,20,LATITUDE SPORT,MO,109,W,,奔驰 G-class,275/50 R20 109W TL LATITUDE SPORT MO MI
LTMIC00330,PC,940640_112,285/25ZR20,,285,25,ZR,20,PILOT SUPER SPORT,,93,(Y),EL,,285/25 ZR20 (93Y) EXTRA LOAD TL PILOT SUPER SPORT MI
LTMIC00460,PC,693216_110,285/30ZR20,,285,30,ZR,20,PILOT SUPER SPORT,,99,Y,EL,BWM M5,285/30 ZR20 (99Y) EXTRA LOAD TL PILOT SUPER SPORT MI
LTMIC00477,PC,040441_106,285/35ZR20,,285,35,ZR,20,PILOT SUPER SPORT,K2,104,(Y),,适配野马，玛莎拉蒂后轮,285/35 ZR20 (104Y) XL TL PILOT SUPER SPORT K2 MI
LTMIC00331,PC,203608_106,295/25ZR20,,295,25,ZR,20,PILOT SUPER SPORT,,95,(Y),EL,,295/25 ZR20 (95Y) EXTRA LOAD TL PILOT SUPER SPORT MI
LTMIC00332,PC,364257_111,295/30ZR20,,295,30,ZR,20,PILOT SUPER SPORT,*,101,(Y),XL,,295/30 ZR20 (101Y) XL TL PILOT SUPER SPORT * MI
LTMIC00333,PC,978679_116,295/30ZR20,,295,30,ZR,20,PILOT SUPER SPORT,MO,101,(Y),XL,,295/30 ZR20 (101Y) XL TL PILOT SUPER SPORT MO MI
LTMIC00433,PC,899482_111,295/30ZR20,,295,30,ZR,20,PILOT SPORT CUP 2,N0,101,Y,,,295/30 ZR20 (101Y) XL TL PILOT SPORT CUP 2 N0 MI
LTMIC00334,PC,884133_108,295/35ZR20,,295,35,ZR,20,PILOT SUPER SPORT,K1,101,(Y),,Ferriari 458 后轮,295/35 ZR20 (101Y) TL PILOT SUPER SPORT K1 MI
LTMIC00335,PC,942905_107,295/35ZR20,,295,35,ZR,20,PILOT SUPER SPORT,K1,105,(Y),XL,458 Italia,295/35 ZR20 (105Y) XL TL PILOT SUPER SPORT K1 MI
LTMIC00336,PC,768509_106,295/35R20,,295,35,R,20,PILOT SPORT A/S PLUS,N0,105,V,XL,,295/35R20 105VXLTL PILOT SPORT A/S PLUS N0 GRNXMI
LTMIC00337,PC,429255_110,295/35ZR20,,295,35,ZR,20,PILOT SUPER SPORT,N0,105,(Y),XL,,295/35 ZR20 (105Y) XL TL PILOT SUPER SPORT N0 MI
LTMIC00339,SUV,557293_107,295/40R20,,295,40,R,20,LATITUDE SPORT 3,,110,Y,EL,,295/40 R20 110Y EXTRA LOAD TL LATITUDE SPORT 3 GRNX MI
LTMIC00340,SUV,815490_109,295/40R20,,295,40,R,20,LATITUDE SPORT 3,N0,106,Y,,MACAN Rear 2014,295/40 R20 106Y TL LATITUDE SPORT 3 N0 GRNX MI
LTMIC00341,SUV,024126_110,295/40R20,,295,40,R,20,LATITUDE TOUR HP,N0,106,V,,,295/40R20 106V TL LATITUDE TOUR HP N0 GRNX MI
LTMIC00342,PC,321721_105,305/30ZR20,,305,30,ZR,20,PILOT SPORT CUP 2,K1,103,(Y),XL,,305/30 ZR20 (103Y) XL TL PILOT SPORT CUP 2 K1 MI
LTMIC00343,PC,019008_106,305/30ZR20,,305,30,ZR,20,PILOT SPORT CUP 2,N0,103,(Y),XL,,305/30 ZR20 (103Y) XL TL PILOT SPORT CUP 2 N0 MI
LTMIC00344,PC,318732_108,305/35ZR20,,305,35,ZR,20,PILOT SPORT PS2,K1,104,(Y),,Ferriari F599 GTB 后轮,305/35 ZR 20 (104Y) TL K1 PILOT SPORT PS2 MI
LTMIC00345,PC,762194_110,315/35ZR20,,315,35,ZR,20,PILOT SUPER SPORT,K2,110,(Y),XL,Ferriari F599 GTO 后轮,315/35 ZR20 (110Y) XL TL PILOT SUPER SPORT K2 MI
LTMIC00346,SUV,309113_107,315/35R20,,315,35,R,20,LATITUDE DIAMARIS,*,106,W,,BMW 5系(后轮);,315/35 R20 106W TL LATITUDE DIAMARIS * MI
LTMIC00347,SUV,665524_103,315/35R20,,315,35,R,20,LATITUDE TOUR HP,,106,W,,,315/35R20 106W TL LATITUDE TOUR HP MI
LTMIC00348,SUV,964349_108,315/35R20,,315,35,R,20,LATITUDE SPORT 3,,110,W,EL,,315/35 R20 110W EXTRA LOAD TL LATITUDE SPORT 3 GRNX MI
LTMIC00349,PC,464752_108,325/30ZR20,,325,30,ZR,20,PILOT SPORT CUP 2,MO,106,(Y),XL,,325/30 ZR20 (106Y) XL TL PILOT SPORT CUP 2 MO MI
LTMIC00351,PC,001681_106,335/30ZR20,,335,30,ZR,20,PILOT SUPER SPORT,N0,108,(Y),XL,,335/30 ZR20 (108Y) XL TL PILOT SUPER SPORT N0 MI
LTMIC00466,PC,285456_107,345/30ZR20,,345,30,ZR,20,PILOT SUPER SPORT,,106,Y,,,345/30 ZR20 (106Y) TL PILOT SUPER SPORT MI
LTMIC00352,SUV,197915_111,265/40R21,,265,40,R,21,LATITUDE SPORT 3,N0,101,Y,,MACAN Front 2014,265/40 R21 101Y TL LATITUDE SPORT 3 N0 GRNX MI
LTMIC00409,SUV,649076_110,275/45R21,,275,45,R,21,LATITUDE SPORT,,110,Y,,路虎 揽胜,275/45 R21 110Y EXTRA LOAD TL LATITUDE SPORT MI
LTMIC00354,SUV,224029_112,295/35R21,,295,35,R,21,LATITUDE SPORT,N1,107,Y,EL,Porsche Cayenne,295/35 R21 107Y EXTRA LOAD TL LATITUDE SPORT N1 MI
LTMIC00355,SUV,433460_108,295/35R21,,295,35,R,21,LATITUDE SPORT 3,N1,107,Y,XL,Cayenne(E2 FL) 2014,295/35 R21 107Y XL TL LATITUDE SPORT 3 N1 GRNX MI
LTMIC00356,SUV,387482_111,295/35R21,,295,35,R,21,LATITUDE SPORT 3,N0,103,Y,,MACAN Rear 2014,295/35 R21 103Y TL LATITUDE SPORT 3 N0 GRNX MI
LTMIC00357,PC,940469_106,325/30ZR21,,325,30,ZR,21,PILOT SPORT CUP 2,N0,104,(Y),,,325/30 ZR21 (104Y) TL PILOT SPORT CUP 2 N0 MI
LTMIC00358,PC,000383_103,325/30ZR21,,325,30,ZR,21,PILOT SPORT CUP 2,N1,108,(Y),XL,,325/30 ZR21 (108Y) XL TL PILOT SPORT CUP 2 N1 MI
LTMIC00359,SUV,785262_106,295/40R22,,295,40,R,22,LATITUDE TOUR HP,,112,V,EL,,295/40R22 112VEXTRA LOAD TL LATITUDE TOUR HP  MI
LTMIC00467,PC,694993_104,305/35ZR22,,305,35,ZR,22,PILOT SUPER SPORT,,110,Y,EL,,305/35 ZR22 (110Y) EXTRA LOAD TL PILOT SUPER SPORT  MI
LTMIC00360,LT,028862_109,185R14C,,185,80,R,14C,AGILIS,,102/100,R,,,185 R 14C 102/100R TL AGILIS MI
LTMIC00362,LT,427215_108,195R14C,,195,80,R,14C,AGILIS,,106/104,R,,,195 R 14C 106/104R TL AGILIS MI
LTMIC00363,LT,052151_108,195R15C,,195,80,R,15C,AGILIS,,106/104,R,,,195 R 15C 106/104R TL AGILIS MI
LTMIC00364,LT,266842_103,205/70R15C,,205,70,R,15C,AGILIS,,106/104,S,,,205/70 R 15C 106/104S TL AGILIS MI
LTMIC00365,LT,102925_107,215/70R15C,,215,70,R,15C,AGILIS,,109/107,S,,,215/70 R 15C 109/107S TL AGILIS MI
